{"cameraMode":{"drawMode":0,"name":"Shaded","section":"Shading Mode"},"sceneLighting":false,"audioPlay":false,"sceneViewState":{"showFog":true,"showMaterialUpdate":false,"showSkybox":false,"showFlares":true,"showImageEffects":true,"showParticleSystems":true},"in2DMode":false,"pivot":{"x":-57.34000015258789,"y":1.340000033378601,"z":59.029998779296878},"rotation":{"x":0.23639805614948274,"y":-0.46474891901016238,"z":0.1302841454744339,"w":0.8433071374893189},"size":1.6090538501739503,"orthographic":false}